Name,Match Score
jun,0.04535777114577775
,0.06894995858491608
hris,0.05701366813419493
,0.04931372675353515
lawson,0.20490014219718045
inperson,0.04833444598595516
hris,0.10351333180666637
,0.04285025552874073
ksas,0.10535054575463834
shrmcp,0.1702041208687293
lien,0.022593185076912544
kpi 					 ,0.10015121333621094
,0.0187906702144133
hris,0.12725161348151018
hris,0.07126868928001931
iii      ,0.020070325034596822
,0.1546595979809269
hris,0.028677523983169504
hris,0.09571703814502559
,0.1302666090889442
inperson,0.021126343766042735
hris,0.06836489258445948
kappa mu,0.08739277022862706
hris,0.07104999643328386
sam houston,0.06639631666305643
edward don  company,0.12422991641611099
hris,0.08091265909911242
,0.07574341360854994
,0.0855065651436313
prabha s.  autosuggestion,0.017477732965827494
,0.10553127471483827
hris,0.1744930042658758
hris,0.10619740200086877
austin,0.043108268329436275
,0.029616038223382546
,0.10048008032422523
hris,0.07959162844262867
usaa,0.04706093108891137
,0.03953124370809413
hris,0.10046254494857114
,0.10197102766373607
nabh,0.09197035782255514
hris,0.10762205698327768
,0.01902771106166674
robert morris,0.032732272322006074
hris expertise,0.04192961465034277
hris,0.10146313194554839
vba sap,0.0811047861344524
hris,0.10218112042622868
,0.03701425741047928
hris,0.04046147950278222
hris,0.0406618462646051
hris,0.04183599006009341
hris,0.044886201812817134
jun       ,0.05702097844708745
eeoc ada,0.13365840650282754
hris,0.04680051189211243
,0.0707415072103284
,0.13853066269421954
eugene lang,0.022399225645651954
washington d.c,0.09227232675857182
"yahoo
search",0.1371994084547234
inperson,0.07078480163829758
,0.07708321581097542
inperson,0.11616002033274152
hris,0.14420002657710998
,0.046625839302131836
hris,0.0633737560160948
hris,0.17291303425307133
,0.12041396137748575
hris,0.05994800729251833
,0.09226433549371031
inperson,0.12598467613510764
jd edwards,0.09594793397619636
,0.018116173291618343
hris,0.11667707425733752
mac,0.02185116076604868
hris,0.07291867498363142
mm gm bajaj,0.12495257536567721
shrm houston,0.08865674512896236
hris,0.10776854855957438
anthony nelson,0.1062496857920636
,0.02965245144315919
dol,0.03914381148099962
,0.03230147360201847
,0.18952015990663937
,0.09284258378243657
hris,0.03482466713113743
,0.15492124375706304
hris,0.022097101902934135
hris,0.15477480779948605
java,0.04841655745956609
hris,0.23353526333450214
hris technologies           ,0.12694309565701287
iris murray,0.1237997068946693
md shrm chapter,0.031130354451358217
,0.011863404424993035
,0.06632265970008919
,0.05091220042822749
,0.09302053280570594
hris,0.0763338059238008
,0.1634410224106791
,0.06695590735727446
,0.06224913403611531
hris,0.018767776790245137
hris,0.08577799064416476
hris,0.08605162409882759
,0.020695219941997824
jocelyn,0.08019809959233759
zeta omega chapter,0.08112899254662287
monica college,0.04408297167810817
ps      ,0.07994944502544046
,0.05799661851766059
li  fung,0.08714841899199854
jun,0.22319259477305023
,0.09860565155933508
ricardo d. macedo,0.03477735385205174
,0.042090304463133735
,0.062058103477569945
,0.03139836742460448
html5,0.00995700279855024
,0.098269640329693
,0.052896495200202655
lesson plans,0.060486473980819744
java 6.0,0.02936554199243197
,0.031305155781560325
matlab,0.02158668857004673
rosanne krcek-frank,0.03683607710146955
mathematica,0.021421098323323142
,0.05448468125379881
,0.18721474077435696
dean,0.019752642492970866
mahatma,0.06234916969216106
,0.1571219540719311
sanford brown,0.09105318296807866
,0.022202066015634205
,0.05596509869088172
,0.013249535640554342
usa      ,0.01945503527520334
,0.08390669783788375
,0.07926776898876192
,0.03300849523001196
,0.04190956668225177
,0.11054795436262028
warren inctechnician,0.03296565734649963
cr,0.05419415172478111
caffe primo los,0.05997758218608326
,0.05190655026479599
,0.013845727310390335
,0.029442262906215728
,0.06830501114194928
,0.10036560757238218
madison,0.061674822575229674
,0.16058538656160556
s. scott,0.02208677230964361
,0.040648572664713334
,0.049208255980793834
,0.0612732957198658
dean,0.03629172337340982
del valle de mxico  mexico city,0.03241440738839814
,0.12269892333014422
mtn mifi,0.04301942028682031
,0.02003250359891386
craig,0.01864174176190711
jd edwards,0.050150501586906426
jun,0.05236370096662713
al-sadd,0.020018623188255296
,0.015512515293585697
ethan araya,0.03312230488496848
,0.0599716637056387
,0.03063422171427762
abbey miller,0.04499737024494519
jd edwards,0.05479121231558254
,0.08339793115244652
suite atd,0.01959470981596078
,0.03729569109152996
,0.12107552268405458
,0.04196201079532479
,0.04515749489164576
milpitas jose,0.023476798647431057
,0.02017291467339732
arthur texas,0.136216335440893
st. john,0.014009654484983954
aka knoll  ,0.030218692357308445
,0.049307558944739725
,0.03835231549795479
dan ryan,0.07077363425659117
,0.0781246553030412
zbrush,0.09793085615638798
mac macintosh,0.07073253026231344
max,0.15870939596171293
,0.061235462767208974
idec,0.04067513287628948
,0.019973218458891683
minerva,0.04964942540146259
,0.06778478999324117
,0.03085849088902808
mac,0.06529075716030468
margaret,0.02830835988479852
http://www.aiga.org/      ,0.046163588725635266
mac os,0.08663731598708851
jack,0.041440627685500324
mac,0.07077050833675078
ymca,0.06507466841935045
,0.017590875432934985
,0.025747913208884827
monica films,0.01665511954752416
jun       ,0.059759758387745235
dorothea hartley,0.04825778178526356
netlab xendesktop,0.03567000729165089
johnson unilever loreal,0.07678314360765404
mac,0.02874652042084821
,0.06320318393752519
,0.01986523727097111
ftp graphic,0.02500747424412872
mac microsoft,0.14602665881342322
,0.030657713416953926
,0.0
jun      ,0.0
warren g harding   ,0.0
mac os,0.0
,0.0
christopher,0.0
ps financials ps,0.0
mixed linux,0.0
mac,0.0
robert kessler,0.0
mac magic,0.0
altris,0.0
sql server sql strategy strategic,0.0
,0.0
sql server,0.0
,0.0
mary simon,0.0
,0.0
,0.0
,0.0
,0.0
mcp,0.0
,0.0
,0.0
mcp,0.0
wan workflow,0.0
sql server sql sql server tableau,0.0
meraki wi-fi,0.0
jd,0.0
devry,0.0
sanford r. levitt - 1 -,0.0
,0.0
hchs curriculum,0.0
,0.0
sql ssl,0.0
php java,0.0
dean,0.0
,0.0
,0.0
dharmapuri,0.0
,0.0
a+ harware,0.0
firewall/ vpn - ssl,0.0
mar jan  siprnipr,0.0
inperson,0.0
degree      ,0.0
sun,0.0
vmware wireshark,0.0
vba visual,0.0
dec,0.0
,0.0
"scada upgrade
project",0.0
,0.0
,0.0
dec,0.0
mac hardware,0.0
,0.0
,0.0
q4,0.0
javascript linux,0.0
franklin pierce,0.0
,0.0
alexandria,0.0
javascript,0.0
mac,0.0
java,0.0
glenn county,0.0
,0.0
dec,0.0
,0.0
backup bloomberg,0.0
jd edwards,0.0
mysql php html,0.0
mpls fcip,0.0
java struts,0.0
mm,0.0
mrpii,0.0
,0.0
linux freebsd sco,0.0
dbartisan tivoli,0.0
github,0.0
wireshark,0.0
safelite,0.0
,0.0
node,0.0
ii      ,0.0
disa milcloud,0.0
mac os  microsoft dynamics  access,0.0
,0.0
,0.0
,0.0
,0.0
javascript,0.0
php html,0.0
javascript jquery,0.0
,0.0
john l. grove,0.0
logo mac os,0.0
dbm dti design,0.0
java,0.0
gpa      ,0.0
,0.0
r2,0.0
,0.0
gs -12,0.0
,0.0
theta kappa,0.0
mac os,0.0
devry,0.0
,0.0
java php sql,0.0
beth israel,0.0
,0.0
mcp,0.0
intune,0.0
,0.0
nichols,0.0
,0.0
mac,0.0
,0.0
monica college,0.05490804125637774
,0.12035165435974467
,0.13971349314992923
jun,0.09081594131445414
,0.05644489044232436
,0.029385014036011108
influenza rocky,0.09402625859173318
,0.048045689825529585
,0.08176298221760218
,0.11828958827916969
dese elementary,0.05598675198457281
,0.0496855607884232
usa      ,0.016129013928424002
,0.0204463929215704
,0.03421241574206441
horace mann,0.0609104861959051
,0.07359842311880432
inperson interviews  answered,0.026715248205755077
ela math social,0.05851206305757577
ny ixl  khan academy,0.08364898624161451
,0.06467555348513573
,0.020330829607082514
,0.028641197002399827
,0.03027296856844371
ela  familiarity,0.031199846293102764
,0.03765667981779871
,0.0398551681359614
,0.09048257784173326
james,0.014578353733703192
mar,0.05671481844228937
,0.04112652765006434
,0.05823896891465724
k-9 self-,0.05434904924101005
,0.01686196490835937
jefe de laboratorio,0.06015595546334678
,0.03622625580229593
,0.038417483969659376
,0.060364951198717834
,0.1438095842762216
kerrville,0.08735210544744292
,0.06441528060403565
,0.10452664364776851
,0.062016704894764234
,0.02520018131712391
,0.06617954680530053
jun       ,0.016922664393746092
austin,0.009911733061833489
k-12,0.0785600531658887
,0.031273430051854276
"aasece
st",0.0665236635104399
rodney slappy,0.11308572410104475
james irvin,0.060593680854720645
,0.06013804648511781
,0.20773866791333498
,0.07658211839560033
,0.06290115472916724
,0.07065963298964112
,0.05893405817939965
,0.07729746643432736
,0.05229846592447526
,0.08800457352234199
,0.06591819867077409
,0.08402363085152395
,0.14632180583462562
thomas jefferson,0.03359662755447878
,0.048429991269220415
santa rosa,0.06278458690158685
,0.06212377727201797
,0.09319769597002305
phd     ,0.05638577783138755
,0.019384179745036943
inperson,0.014694480429594182
volunteer  red cross,0.020178998457413434
jun       ,0.04522220777969642
postseason,0.017089022693896675
,0.1979955378065654
,0.05305634091325495
robert rauschenburg,0.03439179784059093
zoos,0.027511796459910774
fullerton,0.06186640474549586
,0.09191201712622141
,0.10727886715168591
,0.07053949273153894
jun      ,0.008728680050296957
,0.04808468486688333
thomas nelson,0.03692045332810844
,0.04584499835432417
,0.020156718112341623
,0.057248371680055664
,0.13790761037266838
,0.029376664132584177
,0.08150804643982905
inperson,0.07657137013051764
,0.059100828740393234
,0.08389503136861658
,0.037933284195202845
,0.030303460745656423
,0.0482573980956529
,0.01964693237823023
,0.06108559445746819
,0.030076988127798986
nc programming,0.010017511239831073
,0.02201792516444233
,0.014525851995529727
,0.023179038649691876
,0.027832682212127677
,0.02574557197653617
,0.031661505214773095
doane art,0.019221135344948192
,0.021189487553008403
,0.01779323242754744
jun 1997       ,0.030233466001891862
,0.023473604329559868
iris,0.042439831916443425
,0.043593003136345974
"knoxville
tn",0.04686391694085279
howard w,0.022760180645240425
jun      ,0.015259824471752344
jun       ,0.027421407121758126
,0.01541482242015052
,0.04756553107242013
,0.01321299484857229
,0.018998859451005566
,0.03383637780402448
,0.040855936176933026
,0.03153685466758363
,0.04225699572652275
,0.022089433190250092
penn foster,0.023084299580156318
altoona wi northwestern,0.023256296661000337
,0.04515749489164576
jalisco mexico,0.0210683778225592
jerry segal,0.02423397892266949
hris,0.009973129072991761
,0.03484012666571548
ecolgica arcoiris,0.014049371088994048
mar,0.031206514271717303
,0.011257666516013653
,0.02290418642799161
mac macintosh,0.017988348020851235
paul harding,0.03467882064629609
rmim,0.0237201536051637
robert e lee high school,0.020494637288109276
inperson,0.04112042206863574
william penn,0.012885485150555553
,0.02228631380448714
,0.017924019730608563
,0.03402932308162748
,0.045450217848930635
dave thomas foundationujima,0.036369267082195456
jun  job corps,0.015221364658302173
,0.04623578788464406
qquick learner,0.014186237678983213
,0.01567923018214984
milwaukee wi,0.02062337303961818
08/2008,0.025489769729885696
autonoma de nuevo leon,0.007887528391939916
jun       ,0.019665684734037618
,0.03390460400774734
,0.03657557992167643
,0.012114387576337959
nc tracks,0.021581171237164316
phil tel,0.02729877334425124
jun,0.02043959557938025
william penn votech                city,0.013464271340433796
bcx,0.02968469254145473
rmc,0.03533849958584964
ii      ,0.016961086703838217
,0.01598261970461857
,0.021182443604583802
,0.02285686398345322
,0.016006109195381108
,0.04159044955235593
dickinson,0.014255115207539994
,0.03859369248908922
hris,0.01369804083204305
jun       ,0.02982617524963292
john w hallahan,0.014996557665426402
jun       ,0.04340109134131525
,0.0480785856325259
joaquin a  year old,0.02030804311182312
,0.044308054826374975
,0.03364249833207801
,0.038873485362107954
,0.012340033968318445
jun       ,0.010221399264977442
foley care,0.0
,0.0
devry,0.0
morphine nitroglycerine,0.037789225168590734
,0.0
dr  emil totonchi,0.031069747451625454
evsfood microsoft,0.008018040873324493
jun,0.01134895009793816
,0.008824829874077546
,0.0
john glenn leadership,0.006486102952222772
kumar,0.0
,0.0
,0.01104940188353985
jun       ,0.010928826163417985
,0.0
david muntz,0.008168814270234465
,0.0
lawson kronos,0.0
mm,0.0
,0.0
,0.0
robert morris,0.0
,0.011072122143187885
java,0.0
,0.0
mac      ,0.0
,0.0
,0.0
latina mami los angeles,0.06170702892073288
adgorilla,0.0
flixilbel,0.0
aba      ,0.010622180909074172
jun,0.0
limo,0.0
win2,0.0
,0.0
ipc  sph,0.0
kaizen,0.0
,0.0
sap sql spss oracle,0.0
,0.0
,0.0
,0.0
congenial salesperson,0.0
,0.0
mar       ,0.0
iris,0.0
,0.0
thomas jefferson,0.0
kardon ebay,0.0
,0.0
jean paul gaultier,0.0
inperson,0.0
jd edwards,0.0
02/2015      ,0.0
04/2008      ,0.0
,0.0
,0.0
walgreens devry,0.0
sap mm,0.0
,0.0
,0.0
,0.0
,0.0
james madison,0.0
"de
houston  – member",0.0
,0.0
mar,0.0
mm,0.0
,0.0
,0.0
,0.0
,0.0
,0.0
summa cum laude,0.0
,0.0
,0.0
thomas edison,0.0
,0.0
mac quicken san self,0.0
itc lrbd,0.0
mm,0.0
hobart,0.0
m.d      ,0.0
brian tracy  :,0.0
racquetball,0.0
dean,0.0
,0.0
,0.0
iris,0.0
luke,0.0
donna edwards,0.0
paul pierce,0.0
,0.0
,0.0
duluth      ,0.0
,0.0
,0.0
,0.0
,0.0
,0.0
,0.0
,0.0
ku,0.0
ku,0.0
,0.0
jimmy,0.0
mitchell,0.0
mollys house,0.0
gse,0.0
,0.0
,0.0
cynthia mckinney,0.0
mech,0.0
recruiter anthony,0.0
jd  edwards,0.0
,0.0
aug helpdesk,0.0
walton,0.0
,0.0
,0.0
earl scheib,0.0
gwinnett,0.0
s  kier f  itness,0.0
,0.0
,0.0
,0.0
,0.0
baker,0.0
,0.0
del piemonte,0.0
,0.0
,0.0
mar,0.0
mm,0.0
,0.0
,0.0
jim colantino,0.0
jun       ,0.0
williams,0.0
matsuya ginza  ,0.0
,0.0
,0.0
,0.0
viagra celebrex lyrica,0.0
trainee      ,0.0
rico liaison,0.0
pinnacle,0.0
,0.0
kehe jetro   customized,0.0
,0.0
del mar,0.0
tssci      ,0.0
degree      ,0.010457414468260196
,0.05504724359922349
devry,0.02313610907233667
jun,0.03519828694859115
sam houston,0.05990148593856467
,0.10660324056992254
inperson,0.015365227914126069
,0.020363415919136207
,0.03251508639380469
,0.06776077037784348
hmos medicare,0.06187583902113047
,0.05698033064707974
mac,0.023768081169545954
,0.0616616968630686
rachael,0.009771928779116612
,0.022739829328922836
,0.017216116968786152
baker,0.02800221162975097
korn shell,0.04390468548546366
,0.0415932920197849
,0.02977408177892944
william,0.026124580550297677
,0.17589088460053015
,0.015178011333720999
kim thompson,0.028145469827704377
jun,0.06181042928415321
jun,0.06097855088655521
,0.05840769978655065
,0.06097257989607045
mar,0.028561358422144138
mac,0.045473417982632165
wyeth,0.040116417968137114
,0.023785229141214632
mar,0.0680304648116475
devry,0.057661388927436094
hedis      ,0.027872993293272478
gore,0.12422097179421163
sean m.,0.05677971991955138
livingston,0.05418214697034658
hedis      ,0.022152391177791594
,0.022289655083235153
hedfs cara,0.05314184215883545
cherokee indians,0.016792422353730952
sam houston,0.03908552679057601
wayne      ,0.0311003367684473
,0.03968123915957536
hris,0.028520141999481573
,0.07135452648109276
viagra celebrex lyrica,0.020695219941997835
,0.008459848019554508
,0.028772624882301742
sta,0.03025167872935255
robert h lurie childrens,0.019144446054333398
,0.1099001454863333
coumadin evaluation,0.04779401870777309
,0.016004084521585468
,0.047558889418541
,0.021864052992061563
,0.08524008941289295
john rodgers memorial,0.1062878786988791
v.p.,0.04096111680061528
javascript jdbc,0.05230303165351809
,0.0077680449659293955
eric,0.014815835657028542
,0.03346013288501007
,0.03827131937393299
newsletters newspaper,0.011086898389865816
lawson,0.040963002415489926
,0.01794887486714154
,0.018194486390470794
,0.045203038380178626
java,0.03536620972899339
,0.024164773776866294
,0.033004055978867776
,0.03569680791777267
,0.02098345719397549
spss,0.031985979836826564
ma,0.043557772296582545
,0.025716798961978767
,0.015974812825488745
,0.020660291459894987
,0.03528233422164266
dis  experienceknowledge,0.008394825921559006
,0.022684864041284794
rn/,0.029103858338259115
,0.03653874653842323
,0.010607120491606713
john l grove college,0.02329434948555456
,0.06717537935652854
,0.026006518555647545
,0.0077777854577477604
,0.02121983059147627
,0.015171109119523022
,0.04215896401138056
,0.00827250925027218
,0.010190948717226067
john brown,0.024464777991515696
cisco tandberg,0.013423474151327075
washington,0.006858725165046192
,0.04926690936659143
st joseph healthcare,0.06742189872749972
,0.010944329861997717
indiana chapter,0.011710572522884013
stephanie williams,0.03290904320027172
,0.05216102731267896
memos lotus,0.009884436568272991
,0.010596528094829019
,0.008743826574345772
,0.059640742580851086
harding,0.019005636256936322
gpa             ,0.007315528347922733
jun       ,0.006456393630761137
,0.011074804339301756
,0.00871769883210976
traumas comas,0.006485833467228293
,0.03181146519834388
,0.1998490992285755
jordan      city,0.03906343042154969
,0.2102740283805927
,0.03495790518329599
earle,0.01914617881077447
,0.19291017759372178
,0.10157999681819563
,0.032368952327179894
,0.04170890400187834
,0.045543880062081266
max,0.09707500071731945
alex,0.054396149035414024
,0.12649380719705863
barre,0.08863179602272489
navy,0.04139011191923572
,0.06610760897687264
austin tx       ,0.04121475067440599
mac,0.019096325403584122
luis obispo,0.0892764329913538
,0.09003098471002496
tammy,0.24164534085452505
,0.216995422785925
,0.036149546353940146
,0.15941892361045715
,0.09906080337893641
,0.17694051309581743
,0.16755262708798807
diana dimas,0.32865613452973164
mar,0.062098019032352264
kappa sorority,0.024556584746841505
,0.01817666619793715
jelly syrup,0.03612106730863923
,0.11889589470193944
san marcos,0.1785252685955841
,0.027467343006823255
,0.10885831740700436
,0.18641801894009682
dean,0.016538850444584245
,0.12366812437278761
jun aug 13,0.15669140399526268
,0.016675691237535463
dick - automated,0.0
,0.1699578830614247
john wall,0.0
,0.10659599196197383
jack pick,0.09166684282881947
johnson,0.018568593269672817
,0.03013388064518529
james madison,0.0
,0.0
,0.0
mac os,0.011246410271284034
,0.08627908626789231
,0.13428104881520983
inperson,0.1528579803324756
fullerton,0.015067848234763759
lee elementary,0.08718707332826302
mar,0.03382210255803551
knoxville iowa,0.07699515052955336
,0.03137122707495639
louis mo,0.019495159886287822
,0.0
,0.2731720840366417
lululemon athletica,0.10515721964358109
,0.16890478405003262
,0.13952149316150617
,0.04128546133287503
,0.008018040873324493
,0.02137031185300906
nc    [,0.1862547385195893
,0.02213213849810014
,0.04130671466386695
,0.018981949100542406
universityokc      ,0.020000819269583397
,0.0
jack,0.0
,0.0
,0.03754183958629283
rn/,0.012888655915173864
,0.022818629726237633
sam houston,0.010873807510606168
zumba,0.14371683732706175
acls exp  hospital,0.020266808673086962
,0.04182584676757574
steven berg-smith,0.04916959603601846
,0.017388774199733188
,0.018231780759685883
peter kussin,0.011515692343500198
malawi,0.008020587655624379
marissa a. kalkman,0.030108576055494
memos lotus,0.051507374761237866
saes,0.0723255840313218
,0.0
,0.029466098570359978
,0.0
,0.0
marijuana,0.0
mac,0.024032692216917353
,0.042444551281368106
,0.1004232652198473
max,0.041975700458795374
maintenance multiline,0.00961892375037577
degree      ,0.009207420682081418
"stamina
",0.07724902793682627
,0.0
,0.009472048377345936
,0.023303023935466113
,0.009175973728186742
zumba zumba,0.02702784115378775
arcview gis,0.02039755626999949
necco foster care,0.024241010346959812
,0.0
,0.0
,0.0
,0.03618589002412617
wafl arena,0.05946890653931829
,0.1842127340114971
tennessee louis,0.09068706220932904
vang vieng laos             ,0.022286313804487142
felton moore,0.04936562789062644
,0.020016642626859822
,0.05771556520073166
bloomington ffa,0.034936827473361076
,0.04490385291907149
,0.0330463013306627
,0.02385642873898876
william lpeters memorial,0.04467093603594762
,0.0
william lpeters memorial,0.043696784202619736
jeff,0.022239994905957065
jubilee campus,0.0647327766516488
,0.0
jcmg orthopaedic,0.0
node js  frameworks,0.0
dave umino,0.0
,0.0
babson,0.006036127052492431
,0.0
,0.0
macrodon ancylodon,0.01026064919223918
erik erikson,0.0
joseph sirotnak  esq memorial,0.010470711315537671
clark,0.0
ffa  secretary,0.0
ruth,0.023191348201769733
ind anda,0.009450300469260054
,0.0
bloomberg,0.0
,0.0
mac os,0.012126698033067715
professional mcp,0.0
mac os,0.023651252458992904
mac,0.01079716419574683
gifts chairperson,0.0
fullerton     city,0.0
inperson,0.0
aihwa ong,0.018231780759685887
dr daura,0.05938582308621882
george,0.008929146621086417
,0.0
austin austin tx                  bs      ,0.0
phd,0.0
howard university,0.0
gypsy moth,0.0
jeffrey glynn,0.0
phd,0.0
alex d  meredith,0.15159146715472244
,0.011813425514161232
usa      ,0.0
,0.0
cmmi agile iterative,0.0
pro se,0.0
richard ray,0.01754061545226906
thomas wells,0.004774416005168833
,0.0
,0.0
,0.0
joanna bagg,0.0
st andrew development order,0.0
phoenix az,0.02137031185300905
hospice,0.04045951693315265
,0.016012187830421035
,0.0
java leadership,0.0
nj tcs,0.01566877137078819
,0.02006633373986738
inperson,0.0
al  sex,0.0
,0.0
mcp,0.0
antonio      bachelor,0.0
mod network,0.019120236755924874
hris,0.0
nangloi,0.011435099546551274
javascript,0.0
mahatma gandhi,0.020364323726549335
michael            to,0.01269486974649346
msword oracle,0.0
k. sanjay,0.0
,0.02887511603675426
hcfa               ,0.0
george washington,0.10178304801496775
harding,0.2919796908964093
,0.09681840966602606
,0.20072016840403825
tennessee,0.04736748352789175
,0.03855353942959189
,0.19283987399255273
mac,0.009126772492762395
dorado hills           ,0.050959187582210005
,0.08004259865856292
,0.0605422468676167
,0.061048513967655295
treehouse prm,0.12683060231738985
pruittharry norman realtor,0.13289937650845668
,0.056358295520456
,0.05369173414848043
,0.21757803021215794
,0.37414402680766634
mar,0.2877687474607891
bob jones,0.0841134888659737
truckee,0.10232896040683824
,0.15751434522159902
louisville,0.13431372579534112
,0.07622087014347095
,0.022121438954384273
,0.14211624464715733
,0.04025373449987317
para las americas,0.2992860515153669
mac,0.05068803950173832
,0.26292531779486866
,0.2244313115302358
hotelwon glass  ,0.1967841063687031
,0.23668527809975376
,0.1302099476302756
,0.05228669666535495
,0.07476422183077225
,0.03971213092572598
,0.13261852538740432
lee,0.15011448015082668
jul      ,0.04015233347749861
,0.08372061624249211
jun      ,0.12458207524186954
jun,0.2802920587946687
,0.1428403152167897
,0.08286332044514144
,0.0771710693194209
,0.21150288277510568
eric fisher,0.086517954648433
detail,0.042209379888733516
,0.0437277192535948
,0.12243409738585616
jun,0.350885143716181
rosa junior,0.04564268822970058
,0.07377749047707816
henrico va                     ,0.10004759307627464
,0.2631284418133613
usa      ,0.13227250357326917
,0.05452910977288284
,0.2478051724973654
mac,0.1210755226840546
,0.08631717227931426
,0.12614076995159787
mac,0.08198764636335647
,0.07408078671006925
nelson,0.07482523723625999
,0.16396336889032814
,0.2740984413794307
,0.15113299070599254
,0.0957367287570551
mac  crm,0.12307158613338835
jeffrey gitomer,0.10524979393277913
jun,0.11170796767988882
jun      saint james,0.06273834752901618
,0.10933834200576342
,0.10809697081780693
,0.07214175978929106
phoenix az,0.15580389387472235
,0.24131220865097783
multiline multiline,0.0775960458867429
,0.05212182454210681
livingston,0.06719567390073469
mar,0.273165465772504
james pace,0.30940604846288694
,0.30212067538454246
earl g graves school of,0.17568976468376288
bush,0.10710428514613651
,0.15456451513073083
,0.16794872709801195
,0.13353437981378116
,0.0635600087507524
,0.025976971769503417
,0.14898527030282568
,0.07730557701114205
,0.04898333591309102
john jay                   ,0.2241894405379892
,0.08009001683330616
martin,0.040124390863266565
abington,0.05272350384945288
,0.24892267577838786
webster,0.06884323664412614
,0.26606584918637266
liason,0.05867742046465981
melinda gibson(vp,0.11887284571081178
,0.2700498236210678
,0.09540579740275928
inperson,0.05042877209542047
,0.03349076094836444
,0.016721680386655023
david douglas,0.09987003303695074
giftwrap,0.09769977235595673
,0.030826696010293333
,0.24152780350305234
german      ,0.16811929412883006
,0.0878028966588382
,0.037028289495311534
,0.041167811583897214
webster,0.0218074971841348
json,0.015569047464635418
avid audiobook listener,0.02905613233040725
hill angel,0.035944903963345515
micron microsoft,0.016853684481276388
oracle dba,0.02999465619397602
,0.037324188880138234
pcdocs,0.01900055297285736
vista vba,0.06035401611288677
sap hana,0.04522399742249472
webster,0.020142578077483517
,0.01974313464765166
,0.03546448199029644
al  foreign,0.01630058665525958
japanese java,0.03332605000441673
mm,0.015459229213262548
john jay college,0.04786271293231019
javascript,0.02596415671447028
,0.016199929142034757
jun        ,0.013385413626181003
javascript php,0.028033589067050897
javascript technical,0.018963399767854047
,0.020244236523331693
,0.01783370796469631
asst bldg,0.06258268124767878
jun,0.019350428341091422
austin,0.0250345488738639
linux macros,0.0169418428722269
,0.012680748669203492
john,0.008735749599105214
scott tetreault,0.02256759999318824
,0.018200934352421046
javascript,0.012095991985288424
nelson mandela,0.04272581142937753
jun,0.01674713716541673
,0.01499322769623226
john henrickson,0.019990948706548682
hpunix,0.03915945306854841
cnnmoney,0.014479157184433634
,0.020096326632686592
mactech conference,0.019229908474118484
jd edwards,0.016021318782176386
javascript,0.0131794545460651
jira            ,0.009606203506270877
kaizen,0.021485705768742768
austin tx  02,0.05492937171839843
,0.04693396101704431
server vmu,0.012809043981374738
co2 prophet,0.01328992177721801
db  petit,0.03766657237568646
html php alvarion,0.015474862498740449
,0.01350841739419312
,0.04280789574455575
,0.05660343756087343
,0.046352834155891365
minitab,0.02276239350651657
,0.021045324677819367
logon scripts,0.01882228590589026
dr  rahman,0.02467072411676399
frb,0.035450722947233705
kronos,0.014716466353709216
spss sql,0.0474398133911928
david eccles,0.016112462910974453
,0.015604578231452615
el toro,0.02101604137579545
,0.028438708582988043
mahajan      ,0.03407699164321423
jun       ,0.044999170058807485
,0.016929715562445602
java jsp javascript memory,0.04936315269097569
steve balmer,0.030962609534863753
,0.06351075350750819
,0.03948218478206471
tommy trojan,0.021518844558826744
vba vbscript,0.04294100241380694
01/1999       ,0.014991193806738261
,0.04178075247333001
,0.03063812667280909
spss,0.02184086338933498
jun       ,0.09295700095708352
,0.015752067851437044
aic aicm,0.02308581842398087
,0.01725150457824899
mac,0.01634149802972425
java,0.013870040501371653
mac os,0.01994573159976526
,0.02093344807074689
hris,0.01157122730703161
gaithersburg md,0.019963388683082995
,0.026787334495075064
,0.03611815847142071
,0.06724601411186128
nik hanig memorial,0.022584647049431087
wolf,0.025922001209928065
,0.02895070990233225
,0.06320374938757997
volunteer alamogordo,0.023328060598725324
,0.03012487614974973
mm,0.02205756594518192
,0.038664857922055804
phd,0.028908861067054353
java scripting,0.04622657084477308
,0.06494982871442356
jun       ,0.041544163936484683
sql,0.06853347280922815
junkie cnbc,0.019323648322962822
,0.014497931497540122
john warner,0.01490033527896482
java,0.018744966838621313
,0.02140789670105428
,0.009032335723448734
walton,0.020807748155243326
,0.014020019836689882
,0.02270827995306292
aaham  naham,0.014860605609081236
,0.0
,0.0
rhode island usa,0.0
,0.0
mar,0.0
,0.0
ganep belo,0.0
abccom disneyworldcom,0.0
jun,0.0
r2,0.0
,0.0
,0.0
mm,0.0
steve bornstein,0.0
,0.0
ko,0.0
joyce julius,0.0
jun,0.0
al gore,0.0
robert,0.0
,0.0
lawson,0.0
"csr
training",0.0
jostens,0.0
john s. knight,0.0
fox luxottica,0.0
ebiz,0.0
mm,0.0
apps email,0.0
jcrew cooks,0.0
,0.0
mac  created,0.0
aol adobe,0.0
h.264,0.0
,0.0
ziff davis,0.0
jim ford,0.0
photoshopcs3,0.0
,0.0
apps,0.0
jira zendesk,0.0
thomas nelson,0.0
,0.0
mm,0.0
m. carnesoltas,0.0
,0.0
cpc cpm,0.0
thisweek,0.0
visualization tableau,0.0
,0.0
eugene s pulliam internship,0.0
west philadelphia,0.0
,0.0
javascript,0.0
,0.0
medicis - restylane,0.0
william e. simon school of businessadministration,0.0
hindi      ,0.0
van helsing,0.0
,0.0
,0.0
devry,0.0
,0.0
dr  martin luther king jr,0.0
howard high,0.0
johnson,0.0
,0.0
performer,0.0
ps,0.0
camtasia,0.0
,0.0
,0.0
,0.0
,0.0
,0.0
elizabeth arden,0.0
huntington,0.0
,0.0
minitab,0.0
github cvs,0.0
,0.0
mac,0.0
usa      ,0.0
,0.0
cinco días,0.0
ann taylor,0.0
bfa      ,0.0
mac,0.0
,0.0
,0.0
healthsavvy,0.0
html javascript,0.0
,0.0
,0.0
javascript layout,0.0
warren,0.0
,0.013824802474181856
,0.1547260050544253
oracle sql,0.008385492509028904
lien,0.0
bexar county,0.011567318775183012
mac,0.0
de lille,0.01339133924691779
,0.0
,0.013464271340433804
,0.010724554745999034
,0.04295282472530534
mcdonnell douglas helicopter corporation,0.013511529317877436
,0.0
hamilton,0.0
,0.0
gpa      computer science,0.007797376873249647
,0.0
,0.0
spss sql,0.0
,0.009325287882342057
"e-3
",0.0
,0.01193747586923624
,0.0
hris,0.0
john f kennedy high school,0.027191411467818963
gpa       ,0.0
inperson,0.0
java,0.011639841739595678
,0.0
,0.0
,0.0
,0.0
jun,0.0
road kurubarahalli road,0.009244650698982662
cifi,0.0
sql loader,0.0
,0.0251761774121795
alachua     ,0.030611177399013985
,0.05270341097276173
,0.11765893411241017
,0.035576023542377766
,0.05855912035043855
,0.04966286191463199
jun       ,0.11608245755004257
,0.010337795887291047
newington,0.004412204422648363
,0.07918059608042981
,0.048106050481218375
,0.04538660011906881
paul bartolotta,0.1764695699926251
malcolm,0.021103100027395648
marco lombardini,0.11237011855844105
,0.07581070021248319
,0.03697824803046447
,0.09274581720776312
jewel city,0.022254948815163263
,0.03833375676460732
cordon bleu,0.08933857389980004
bon appetit  ,0.09369517778613924
bon appetit  ,0.06528142634002478
,0.0705829325368343
,0.08986195163954712
,0.020187118738245864
,0.04894080593073704
livecareer,0.02015469628404842
,0.04156384943001674
ronald mcdonald house,0.033076292437714205
java xml,0.04316086758833542
,0.022352200649416763
robert morris university,0.07929853228208633
,0.08539318322529145
,0.03021698909929428
carol deptollas,0.08846550570465629
jun       ,0.0747895053210724
,0.04380472259344616
jun,0.024297482954745812
,0.08500717623752209
rossellini,0.03220642526624093
,0.029318413435553366
cordon bleu,0.14956353399865652
,0.05526433940655471
penn foster,0.057556134490781515
,0.11081359569495683
evan elias,0.040739090409180216
pantrygarde,0.025893376266463465
johnson,0.0633799639526575
john amayo,0.116687970206595
,0.04155071609924214
,0.03399970864017253
sushi chef           ,0.052239698960620126
telephonic conferencing,0.01690792535457278
jocelyn,0.0901939632293724
,0.15792838964341238
,0.05939682277727865
gpa      ,0.05834902228962316
james beard,0.06647361130019312
,0.04150880042234943
,0.04300370234305218
,0.057390766524079664
,0.04501667951324922
,0.03917057822965359
nuevo french,0.18702540591741407
,0.11508840755973612
scott howard,0.22422925956213877
,0.04462763884024203
,0.1334504959502856
,0.08594894991863292
joseph,0.019436878533423265
,0.1308949201293657
,0.07717669696952968
european bistro,0.05076288906372202
pre  dennis turkey,0.07193208483177835
inventory mac,0.046108862323538835
,0.10905222064618554
,0.035425387109735224
william,0.04382133566541228
johnson,0.08094389563208025
mcp,0.15766966888247427
,0.0806582117281241
,0.0790144169514182
,0.07293685352113648
,0.035809555142602985
,0.04992853727498185
thomas edison elementary pta,0.03191708964315252
,0.021988990711767364
,0.009367826474096825
fry cook,0.048712537651743125
aviara carlsbad,0.1028395614808461
howard county community,0.12332979910567039
paul cooper,0.03267086888466094
thomas edison,0.06816941225449859
jun      city,0.0
racquetball,0.0
,0.0
,0.0
colegio,0.0
,0.0
usa      ,0.06223516802125061
,0.0
hris,0.0
joseph,0.0
phil simpson,0.0
max,0.00705206935998169
,0.0
,0.07117716508502878
,0.008362872102933907
,0.0
,0.03673300672011889
,0.13575963419505793
,0.0863386178377477
baker,0.01351031135249901
,0.007682891988162283
abraham lincoln,0.12116082749740424
,0.07362304456599038
tinggi dan berat,0.09669316228643104
,0.08561288899224528
hris,0.06273819509292554
,0.04726755753278122
,0.13348278319640483
,0.029089503693190626
us gaap,0.06256102415547522
,0.08105136970798786
oracle masmas,0.016831270382147306
,0.028818315162452722
jd edwards quickbooks  ,0.01728838705541302
,0.04165526023588322
,0.02630135767019091
headon      ,0.0207766753995567
,0.07225648539039237
,0.11045249676307808
,0.032122436423046546
,0.051163136624212756
,0.03456128263679525
ken blanchard's,0.05766046152096279
mac,0.0378188702337903
tandberg,0.11763079132700317
s thomas permanent,0.054034683540767445
y. john divakar,0.06947079406515824
,0.058268255580181394
"erp sap  tally 
date",0.09262073670647648
,0.059411168046094254
bod,0.038783146491797635
adp reynolds  reynolds,0.1016583042707521
dealerclick reynolds,0.11747914406982031
onyx peoplesoft,0.04919244140592488
,0.03636201030181716
,0.07025465628955406
,0.04331388186782717
,0.11045249676307808
sicangco menor,0.030998896280869492
inperson,0.03619109093043929
jd edwards,0.12614355769955354
,0.03482157769302883
,0.041432195545788475
,0.0714504546239103
,0.020112377934294164
jd edwards,0.10438819613332741
jd edwards,0.019811899311370392
,0.09652099800322649
,0.03971986514690163
jun,0.055015968389327825
,0.07056665831266105
,0.05585720781946448
,0.04512342747042043
,0.021236627477381347
baker,0.058720423548711834
,0.019384510076518487
,0.0322321181404855
saica trainee,0.031597264450350826
,0.0631495127281767
,0.14896860891351427
mac,0.034169648765801613
,0.12831733714871413
,0.10339304052709684
johnson,0.05337630900947502
,0.07710565725597222
,0.03300849523001195
,0.027094169312627578
,0.01871738053113401
,0.07052872885751908
minitab,0.12854666019435543
,0.09700186100377649
s. a. namjoshi,0.13085720368864037
jun,0.014907237852681316
,0.04301627531928079
desk hubs,0.01933077878788379
,0.14396804294295107
eoc backup,0.06780348958602034
,0.018861881262958003
jun       ,0.10433362547265229
,0.05180135769273794
clerk cadre,0.050444295318697596
,0.06744713793091688
hilton marriott,0.07154717203083263
,0.07233556564260614
jan,0.035173488120154396
jd edwards legal,0.10916420661202338
,0.08830201576432241
,0.022768919380498197
execustar sam,0.019031114017263984
james madison,0.04173081836378647
,0.09509854821565847
inn madeira beach,0.08065621230476222
ghana     ,0.059619032086584596
george washington,0.018033068131148307
,0.04671060273342666
,0.04986613594392416
kappa,0.07598612884031015
,0.06279219303082742
inperson,0.04283212836884286
,0.045507638481403184
,0.05771169040169569
bloomberg,0.038340434804518604
,0.08305630406780021
jun      ,0.042197501058483355
girdhar nagar,0.12623929812631657
cmc,0.024316395046206085
jun 2000,0.04875452999585527
manonmaniam sundaranar university,0.04821748960056643
,0.05242228776464449
,0.028476645045672662
wolf,0.07685976246811228
devry,0.036733659444579535
sam               ,0.029914098245231446
kenema kono,0.017168992771410575
doeacc,0.02912671818040243
,0.055301937511972155
devry,0.04079261944458787
,0.05071619975021255
,0.02341632865563181
,0.01984462225363308
ipc,0.023594291210257554
,0.07817375881443726
clinton,0.019458672733293717
,0.05561180118073697
,0.1931568470846434
,0.021036124585669287
max mara,0.0259315639749471
robert morris,0.011751630836874447
max,0.0
ffa fca pep club,0.010803385543804054
,0.046241212248900425
,0.0180461139880467
,0.0
boss2,0.0
,0.0
,0.010083943497944151
mcp,0.0
mac,0.007198526773445435
,0.0
theta kappa,0.0
,0.0
ralph lauren,0.0
,0.04462149513711318
,0.04375830632055404
,0.009220554818196055
,0.022294517808889077
jonh bowne,0.010953404213063789
,0.0
,0.010251060308675848
,0.08945986351621044
,0.029230313008349912
dean,0.0
jun,0.0
,0.0
lexington,0.0
iso astm,0.016254794062333936
tjxavery dennison  designed,0.0679481119714657
,0.0045803294325765034
,0.009582216880236976
,0.0
,0.0
jun      city,0.0
richard robinson-academy,0.019697058339230515
alias hypershot keyshot,0.064798486262639
marc ecko,0.03363874673406377
,0.009971414995173884
,0.04300291689804377
porter mla,0.0
,0.01192461554262897
mm,0.0
,0.0
"jun
",0.0
,0.0
,0.019027711061666737
,0.006771815341120316
,0.010708752072143755
hindi hris,0.007756035860214385
jun,0.0
catolica madre,0.0
,0.010686684955809173
del mar,0.0
,0.0
,0.0
,0.0
,0.0
,0.005537489162096319
,0.008394825921559004
,0.03981302967565334
bon marche,0.04387462478853415
mckinney  ,0.010695435001083786
kirtland,0.022641750818022572
builtin apps,0.0
,0.0
david nazarian school of business,0.0
cochise college,0.0
jr.merchandiser,0.0
mac,0.0
,0.021418671704554724
,0.0
,0.0
margaret pigatt-lanier,0.016883313605236365
,0.020217657332237987
harvey nichols,0.006703248208653547
administratorhr,0.0
mac osx  fluent,0.03845449814911739
,0.029282526661470753
photoshop karat,0.0
,0.0
,0.0
sarah mcinnes,0.0
,0.0
,0.0
,0.010041675337935216
lonestar,0.01336827370794669
,0.012660156134899138
tony braxton,0.010673750189497075
octagon hexagon,0.0
managerhr,0.0
austin,0.08578989753490121
g-651-0613,0.0545680740133838
madison square garden club,0.058934058179399625
mile walkrun,0.029048395814650806
,0.07530062387423869
mac os,0.06460586123471353
,0.11159226921411798
efcs,0.09923543556035544
minitab,0.1127763038684184
,0.08381872426400967
asme ada  local,0.09768760745895097
,0.08922873764103127
eng      ,0.14791376948897755
kaizen events,0.11882365574887557
jun       ,0.09536413105723106
,0.06624976626034887
jun,0.17921244976888956
mp4  json,0.03701225412890451
,0.06448137808568331
karl suss,0.07351857368723613
matlab,0.1207399594403304
bigfoot java  hours,0.05795043251459474
mac,0.011563880844448232
ncr,0.05999324281440901
,0.09655116463286662
degree      ,0.02239922564565195
,0.06785975790260862
j. a.,0.07453070875243112
mar,0.0346456864969989
,0.11081060921770002
sanford,0.07525212660400109
mm,0.05048251318454939
max,0.07064936384307915
mitra sumit kumar,0.10075795039589194
html programming,0.08656240763982008
,0.04600860544018993
stratton warren mms,0.10098144780266434
,0.37094550324016146
,0.05111543701675428
,0.14345486953155973
,0.030627905943086092
eu mdr product,0.026345268922124947
sydney australia,0.05356427482699741
mtos,0.07562312925573171
matlab,0.07932870250772127
austin tx,0.09242998270998368
massey ferguson,0.08073535891838922
pareos wip audit conducted,0.049192441405924874
,0.0381009874990086
aardwolf,0.11924751294756622
selfstarter,0.08807829420967765
kaizen,0.14585137138128015
java javascript,0.05345413076063932
mm,0.16042910812155808
json,0.05684882319473426
json,0.05632685055154688
json,0.04678685016764723
json,0.04834197582382713
,0.05691446297252924
,0.032977458032486216
aci-prm,0.0918984104071173
problemsritz carlton hotel,0.08757834825755034
,0.05809706822060137
aaron,0.1443302862160958
mar   mar,0.033965447952891484
,0.05594347050149095
,0.09445204627382035
aprisa vsr,0.02408465117974677
,0.16479086709170154
,0.16811929412883003
bexar county,0.02609381756087593
,0.1945834712797195
ridge lasso,0.04931050409940557
gui      ,0.17323215248777954
,0.07422263286444875
antenna analyzers,0.03806916082906975
powerpoint minitab,0.08493254475370954
mac os,0.033504125290404696
,0.06463917868546055
,0.056336658935738616
,0.06019660845462499
dave parker tam,0.06625074310491949
peeler zillibellini,0.05371678765873824
kodiak,0.017985474264742753
vsae vmpd,0.02308227492130252
max,0.05818064788853761
,0.026329480614971115
kappa psi  professional,0.11557205772711263
rdp openssh puppet,0.021733612547695676
,0.08825168693771658
arthur anderson,0.08685253260425353
,0.05732431064121812
mac,0.022452135851068915
json,0.057117866683386635
,0.031857269494615384
tango,0.14681719467698526
,0.2668686275394009
,0.04738717703794945
ansys,0.21212768989078543
mar,0.11780443671227625
john,0.0332025132672879
ansys,0.06138840672836199
,0.08338859663297174
,0.07524818108995941
java,0.08586139885420718
abaqus ansys,0.13330175860361754
mar,0.13576466393431616
fda eu,0.016922664393746092
,0.02059958984615049
javascript,0.07960430368644317
java,0.09344544371367032
propulsion knorr,0.060227751708158236
linux,0.024630041091842334
jr,0.07732344939662485
,0.07036042585874766
ansys,0.15797729249020093
kebin,0.10560276412995923
jun       mar       ,0.11260016736905694
kappa,0.09807961316690825
,0.10583779205379823
,0.07167121139954258
,0.032068918569028215
aug dec,0.05259131383033258
,0.04720509934017823
jun,0.01896845328310001
haramaya,0.046486796008607854
darby,0.03808582199042327
gs-5,0.01905428998308234
sam  ceta,0.11656345424020909
seminary dallas,0.03411886637602939
,0.022103640813601808
waterloo ia,0.031143340516557424
,0.10239487336436197
,0.12087429260630289
,0.028271091144402665
kelley van horn,0.03902169707363948
,0.022661839706219374
,0.015964756316722832
,0.05141483689431044
ma,0.06518411578029616
powerpoint,0.02975093630338024
jd edwards,0.06330094913673102
,0.029843843675018005
,0.036103624819194
crx templates,0.026265118617594913
,0.020484017809083516
zeta zigga zamma,0.05501596838932782
nv,0.018697981009827717
,0.11649651343215928
,0.06110985722085953
,0.052341373239206686
,0.02949703083137076
margaret brown,0.06816413118328009
,0.04514749378505325
gail l  lugo,0.02190546197558754
,0.03798730965897472
mac,0.04119454029321284
,0.0191047220478914
,0.05244427666580543
,0.032068013790667774
macintosh,0.05603013407939889
jun       ,0.07971549747109884
,0.19805234841844013
david walton,0.07463504520103699
,0.02482583525626274
,0.024928899255894834
mac ios,0.056671625312664516
,0.038931634623031154
,0.03777590761401563
,0.04613780095772157
inperson,0.016939441996014434
xpert,0.03242223095108576
mcp microsoft,0.019384510076518497
baker,0.04730515166014751
,0.04797525246695068
,0.021135662790488285
kean,0.0343167130459225
,0.02189767986897723
,0.01890515604250725
,0.03330778690187112
,0.03254152568878214
bekki leigh,0.030085949736695792
lawson,0.046776625762045165
,0.05509343075576207
,0.014352667260970653
jun       ,0.04515840441276104
,0.04485764668470762
,0.027771366865138498
,0.022298166942410276
,0.01547028942709233
,0.05247893760856259
,0.02839778135720233
jd edwards,0.04133332754243296
,0.04261072744036218
,0.056390696790300766
,0.021020053416140088
jun       ,0.0651366764346891
,0.05508003918330617
jd edwards macola,0.07535830358881186
kronos nextgen,0.03228484285912967
sap r3,0.04322533464379553
,0.07059197863915125
,0.062026130194967596
lien,0.030611177399013995
scrap dragon,0.018965832437612826
ben pius,0.018738464970356455
kardan,0.05675811048357353
jd edwards job costing kronos lotus,0.06624882853021162
gpa      ,0.028053556466061114
jun       ,0.036766340098083966
craig,0.02623138078020375
,0.05869494321480219
,0.03059780799415117
,0.03426941293297897
hindi gujarati          ,0.030683042230589
,0.056753295360499424
,0.02560763819973029
mac,0.04520395065601221
,0.04456128972275181
bloomberg,0.027739982271848523
,0.07537004722233628
william paterson,0.018863170121375426
,0.032615995428469664
,0.0359537370587247
xerox copier,0.018216835510755987
,0.04706855825998987
jd edwards,0.06848520812030197
,0.019469597361336473
acca      ,0.034473243274591614
gmbh,0.09174207200395088
,0.10316184235390892
,0.0940532654521705
dhmh dllr,0.044617382468365455
perform arap,0.052489289786830214
jd edwards microsoft,0.025872444807123862
,0.0335841498715627
,0.09147024336499882
,0.0319528306262938
,0.07379953516163068
jack,0.020856859692953023
mac apple,0.029121296286555534
,0.09772741606690642
java programming,0.049835139309052374
max,0.10552109553594176
,0.14785835610192186
,0.10808223030678157
nj,0.10527330234565399
,0.0966260175966676
douglas pronghorn,0.11202290885363139
,0.2922739900208979
journeyman carpenter  ,0.11677510330913324
,0.10524819482011898
,0.10419417617923422
,0.2534567177347096
jose,0.3282090354406334
moneta,0.07548778632563262
dean,0.12512913559714958
,0.08024639156001856
consideración para el empleo,0.025476433216450763
,0.05486242657961969
,0.02616718201082553
,0.10205490915371476
,0.129877401720403
checking fluid,0.0659811544261232
,0.11983465823390196
kpt,0.10463963016046096
,0.13566389641214913
,0.2663193724007737
austin leander isd austinbergstrom airport,0.1403105208454894
,0.16095476125561362
john patterson,0.03429098108072229
haryana india,0.050320928818743206
,0.07342309656338666
,0.10892734801037483
,0.061849338645197545
,0.02464665980719862
,0.1026421073250798
jun,0.12454601782100722
,0.10758684945176027
,0.1890413591844193
,0.1713098405362835
,0.14794639471654353
,0.1927900026406178
,0.03511892455090876
,0.016977978958864867
,0.04823715432666483
,0.1768993237270269
goggle,0.048292677530755786
r.f.i&rsquo;s,0.15011155518747196
del norte,0.14528251129960823
admaopco soroosh  nowrooz,0.15508394460942446
,0.027809051356600882
mar,0.24104605742980167
norad oracle,0.061192984348218994
cinderella,0.12552635995043582
,0.021351059424198723
,0.12852842254576852
henry ford,0.24836461402978677
sino thrwa  ,0.12406301216755647
c.p.m      ,0.04390468548546364
andrew connector,0.1273697459286059
devry,0.06468908113780673
el sobrante,0.12540544031911027
,0.22905528974942393
mrxavier thomas,0.04419622019098617
mac,0.053688224640014715
,0.11348057775148863
pwc      ,0.15101736961813014
journeyman electrician,0.09636104007461688
www.linkedin.com/in/tammyammy,0.01994475202391138
clara newsom,0.09217815172428595
madison wi,0.12471538136557385
w/,0.05284859471318849
,0.01779462355087847
,0.12498483195250892
,0.051270026471510355
russian federation,0.032507544138414134
keyspan,0.1807893846215538
anritsu certified,0.08803012911258362
jd edwards,0.0630228910916667
,0.013449829890497181
,0.10074611309012876
,0.10632908098794114
journeyman carpenter,0.10908675005513471
,0.03108714064353562
,0.05144842929181458
,0.1639246837303914
apps,0.16888363007027785
,0.22188191263170864
,0.11445202995927638
luis obispo,0.08517723624897248
,0.059239668770860114
11/1996,0.052049253301166915
,0.09436893293630207
,0.1101740696758178
buff,0.04567465205333811
virginia                    ,0.08095454681636721
wpqs,0.15495287117613496
jun,0.017273096672049886
,0.05490721398502735
knoxville      ,0.056638196457314716
,0.12575216370759906
ankeny ia,0.13218868368286982
,0.040574479972231056
,0.013525763296559542
jack,0.049062323524298124
nccer  ,0.025582796708301478
ilona kretzschmar,0.029928797164028492
,0.0
rachel jones,0.0
,0.0
jamie,0.0
,0.0
,0.0
theta kappa,0.0
,0.0
,0.0
,0.0
,0.0
juris,0.0
michael coyle - 2      ,0.0
modernas      city,0.0
hachette filipacchi,0.0
daniel webster,0.0
bob costas,0.0
,0.0
pwc jamaica,0.0
nightclub,0.0
,0.0
babson,0.0
,0.0
kwik kian,0.0
oprah winfrey,0.0
,0.0
baltimore,0.0
susan g komen,0.0
,0.0
kitty toaster,0.0
mary almada,0.0
dr  nicholas derobertis,0.0
html squarespace,0.0
,0.0
inperson,0.0
,0.0
,0.0
inperson,0.0
abraham,0.0
so'-,0.0
,0.0
,0.0
,0.0
,0.0
,0.0
scan documentsagendas,0.0
st joseph,0.0
,0.0
rico      ,0.0
jun       ,0.0
,0.0
linux,0.0
linda gaunt,0.0
johnson,0.0
,0.0
rover samsung,0.0
deborah madison,0.0
,0.0
hris,0.0
michelle kwan,0.0
northampton ma bachelor,0.0
hjn news,0.0
gerardo lozano,0.0
,0.0
cairns,0.0
,0.0
,0.0
,0.0
,0.0
inperson interviews  l,0.0
,0.0
mac,0.0
charlotte nc,0.0
susan b. dorsey,0.0
columbia county,0.0
marianne l  elbertson page,0.0
phil collinstarzan,0.0
gartner magic,0.0
henry ford,0.0
kenneth,0.0
,0.0
,0.0
dana point,0.0
,0.0
mac director,0.0
,0.0
,0.0
hindi inventory,0.0
mac,0.0
,0.0
,0.0
kedah kedah,0.0
jamie,0.0
,0.0
analytics hootsuite,0.0
jesse l,0.0
don king,0.0
pittsburgh tribunereview,0.0
,0.0
jun,0.0
,0.0
mar,0.0
devry,0.0
mac,0.0
santa rosa,0.0
mar,0.0
,0.0
kalamazoo chapter,0.0
,0.0
mac software,0.0
st andrew united methodist church,0.0
carlos iii de madrid,0.14013821930625733
,0.05843505202916817
,0.06671021028839454
,0.05934260038273933
usa      ,0.07476369536402765
,0.04708000597307047
,0.027743203819180592
guidelines dws msp lenderlive lps bart infosource,0.02063638046112518
mac,0.018647609707282544
,0.032706325555904484
,0.13621525198792855
,0.036427478162804956
,0.033873904504543625
,0.018152987188017996
spss powerpoint,0.057148565726977206
wpm microsoft,0.05753130344627587
,0.04198635724279494
ii      ,0.07851677540219328
"us west 
",0.05085494780770101
,0.05882206351199546
ronald mcdonald house,0.08918491642922588
,0.012291602692154745
schulte memorial,0.024476536991117237
jd edwards,0.05586092697389245
,0.08749059788196686
,0.03480595002049073
karla    lee       ,0.034761497515883893
seg manager,0.10516749361427548
jumbo k,0.020741333566505305
dan mohr,0.06830009368048147
,0.10841782562657641
benjamin n. cardozo school,0.06710555625951559
gunner loader,0.027507084442864364
glen burnie,0.044366591370807035
,0.0
javascript,0.021595525111142863
,0.04872130042033973
,0.0
usa      ,0.025762912235854786
,0.025500510901077623
mm,0.026814798697382847
safari,0.02304189328849409
ipc,0.019373927479905826
bbt,0.018424671326771315
,0.020414340845123176
,0.019891960334190887
del perpetuo socorro high school / san juan,0.0662746893029329
spss sql toad,0.04194377872838916
freddie mac,0.0
vba,0.035164835817686424
javascript,0.0
,0.0
,0.0
macintosh,0.03924034499971013
,0.0
,0.0
,0.03723534938803561
,0.038222967327718835
,0.0
mar,0.0
,0.06716845698139194
bbt,0.016792552266765282
tomcat6,0.05950956916446279
dr kevin boberg,0.03399693624860435
,0.01013290976226235
babson,0.09104800575542905
,0.016609675908128622
mac os,0.03237453647867833
,0.0
degree      ,0.008190434919496427
,0.01957245584264714
mar,0.0
jd edwards,0.02208219784347225
,0.0
mac,0.010178427853662466
aug  jun  aug,0.0
malaysia      ,0.11013900176650211
dickinson,0.0
hris,0.0
mac,0.05318860966151865
chandan baluja                ,0.0
,0.08029183630048196
carpe diem,0.0
jun      ,0.03706444540731568
,0.014328636354481623
railamerica selig,0.03658766749329569
,0.03396825412307638
chang sha china,0.0
,0.017408280666518918
st edwards,0.08896199357606963
,0.020475534101175613
wordwatson,0.011448414219493639
,0.03632184684122251
ebi,0.044437543250015504
,0.010742875822209556
,0.04815805720426561
inperson,0.019293431635929333
,0.0
,0.08150834963022215
birmingham chapter,0.017867414665698682
,0.03164959983094691
,0.017773790894944894
,0.006872469150237782
,0.0
,0.008508705655776504
botswana africa,0.054714207094369756
,0.08696108162711087
,0.045114607754812075
,0.04605315768094524
,0.0460712563070202
matt,0.0
mm,0.027687133817456314
jd edwards,0.0
kappa psi,0.03228738200468403
kappa,0.011208668246252575
,0.0322321181404855
,0.12026488070837806
safari,0.05532463648309792
robert w,0.1866797296692331
st george utah,0.08648816479400846
,0.06047500921026723
,0.0990813752226704
,0.04952919386075604
mac,0.10641622118715845
,0.06911227369855111
clayton nc phase iii,0.07750100002585039
rhonda glass,0.035376699841117326
,0.039371411748602904
hispaniclatin american,0.05500774692697801
spreadsheet microsoft,0.06379604485698817
jesus christ  ,0.08453803894347596
dr  anita,0.08106449021920756
,0.015463691030866129
,0.24173472320853562
,0.04916388966504874
lrig,0.013868064388389691
marlene skiba,0.03445222183117958
jr vase,0.0962409807449162
asr ii,0.026275066311399455
msj annual,0.22837317281022335
,0.0
martin,0.07120311203836095
,0.042776164832515305
scott cairns,0.0928932081385736
mar  blacksite,0.0
,0.0
,0.04531750271852231
lien,0.01650433078806668
louisville bsw,0.02901885218595293
,0.0
,0.04350745803703293
mac,0.049033189028386895
jun,0.011485644872637844
inperson,0.010967709623457838
st. thomas,0.012069423198046613
phd,0.0634274217631713
,0.042866123283901124
photoshop filemaker,0.05807542038502693
finnie,0.2348938030687331
,0.016386822055669915
,0.0367879571719917
,0.05738039730623355
kalamazoo mi,0.027074274059587657
,0.00812343313768765
douglas frohman cornelia,0.06373054702612792
usa      ,0.04764331221185635
,0.021220092736383592
,0.010695435001083792
mar,0.03189926406848387
,0.030893012902305356
,0.06129855668016541
sam houston,0.014469423321294741
liaison,0.03361745463440196
,0.0
james m gaffney,0.016858809021041334
,0.0
robert christianson,0.05063185944309398
,0.021607969877221286
dr  sharon wilson one,0.025540640162643385
mac,0.0
woodrow wilson high school,0.009707143888754039
hris,0.019513021953598008
mississippi,0.017823291346173206
,0.010751457851947244
,0.022404777532459817
,0.12156175562711073
kitchens,0.0
andrea rizzo foundation,0.028917813396438712
hris,0.0
,0.019281030606045333
john w. parker,0.08475791010886524
,0.08289830832682843
degree      ,0.03759748770979547
abraham grand,0.0
,0.023964437260156235
,0.014869933130491854
,0.0
mac access,0.024809061168719348
matlab linuxunix,0.0
georgia      ,0.013807220743201051
,0.044709503893409164
martin procure,0.026901973089730642
,0.018047565276118012
jd edwards,0.0
keyboarding wpm,0.0
,0.02038708691054707
,0.0
,0.0
,0.018620981777233675
,0.02853378449075854
ymca,0.019987661764913903
davis,0.02029243609435966
,0.025423070326059657
serato sibelius  capable,0.03520307347869875
,0.024465681928310647
inperson,0.008547913630174452
,0.006789983986502596
,0.0
matlab,0.02214553478566808
usa      ,0.07691700283150503
,0.015621075388598162
,0.05526691217328356
jun      city,0.026183971462868157
ir turret,0.03400340621754086
intro,0.008180143731690027
hris,0.02940138657592685
usa      ,0.1380299284359102
maintenance platoon,0.09450746389284843
,0.026852833083981245
,0.06667816294027173
jim kennedy  ,0.051916068255164066
,0.09505827295081795
,0.11657798035752473
,0.029849679325393768
martin materials matlab microsoft,0.02632497488112352
thomas jefferson,0.04918473569486471
hocs,0.11412698808159202
,0.0211894875530084
,0.03923007298239587
shir-ghazay,0.026372400796505175
al.,0.199819450914922
,0.015370696487977266
joe glasser,0.10842841407219499
superintendent ii           ,0.02869209352781387
robert macks,0.05612811368007328
inperson,0.0
linux,0.0
jack,0.0
,0.024063597807476786
,0.013643786080016729
,0.0
,0.1146055345067133
zse-520,0.011528155810350176
jacqueline kennedy,0.0480359558797659
vba html,0.018535484450735978
alan w  ,0.054733630390332084
qar vuhahz  ,0.021408973469693213
,0.08264501322523497
,0.043101432336879617
bill hensley,0.054902110241454014
,0.12933991068660344
michael        ,0.08735507205597767
volunteer,0.1202035699931987
jun      south albany,0.006325703250669552
,0.06527976417737312
ultra bravo crj  uh,0.00721738998522638
,0.0
,0.0
ansys,0.0
,0.0
foley,0.018749847683794434
,0.055292144317018434
,0.26120598482484386
,0.0
,0.03498166326794272
thomas edison,0.031284344577170824
,0.018322231317139132
java,0.01075514216612773
barry,0.030628899176278847
johnson,0.05549499291905318
mar,0.008838436884514713
jun       ,0.03996189031345704
nobel,0.01207811497613521
malcolm,0.027350609231324746
,0.0
,0.007781971185730275
adobe acrobat,0.08515943987809302
rcfa,0.01864334156125348
st joseph candler,0.06034364458707623
rs logix software,0.00816989123893337
argon liquids  troubleshootmaintainrepair,0.009912213968218904
electrician      ,0.035155295855570416
journeyman electrician,0.02036828261826621
,0.08633740167572668
,0.017400470205208046
,0.02426214139943209
,0.0
,0.12311956016180688
,0.011612679400845123
,0.02691520295799727
,0.022321930066728574
eu,0.03107725456592091
,0.005762096426012524
e-2,0.04066715934667356
encana,0.03590324816383479
,0.012242830910914725
,0.0
,0.0
java  member,0.0
,0.056965110117952716
miguel de cervantes,0.0
mil spec,0.03498620921758108
,0.0
,0.0
usa                ,0.0
,0.0
linux mac,0.05225730824469727
bobby,0.09227331518427974
,0.0
,0.0278353444548278
refresher,0.015957505082830743
kaizen,0.11263728632411026
mar,0.010972925504546671
,0.046929111504798254
,0.013831984682069563
,0.007183469007936437
k. gill,0.007898212477199499
john wood community college,0.010351462615758925
,0.009183613999441368
mrap,0.014979929967513217
carson,0.0197222656235442
john resha,0.04793289674873212
,0.026379196873020296
meredith dunn,0.011550540194847539
,0.02426214139943209
